{
  "model": "robopocket",
  "parameters": 71828357,
  "epochs": 200,
  "final_loss": 0.0975620985544961,
  "best_loss": 0.09487951688211539,
  "final_svr": 0.0012901360301073432,
  "final_barrier_mean": 0.16419179638188913,
  "training_time_s": 623.0078039169312,
  "dataset_episodes": 600,
  "dataset_steps": 30000,
  "device": "cuda",
  "timestamp": "2026-03-08T20:44:57.551589"
}