{
  "model": "semantic_collector",
  "parameters": 71850893,
  "epochs": 200,
  "final_loss": 0.21647573728114367,
  "best_loss": 0.21433640333513418,
  "final_svr": 0.0033638940894878456,
  "final_barrier_mean": 0.16318635271851004,
  "training_time_s": 545.8811709880829,
  "dataset_episodes": 500,
  "dataset_steps": 25000,
  "device": "cuda",
  "timestamp": "2026-03-08T22:20:54.360558"
}