{
  "timestamp": "2026-03-08T06:22:55.963611",
  "mode": "dry-run",
  "total_elapsed_sec": 3.927203893661499,
  "estimated_cost_usd": 0.0012436145663261415,
  "models": {
    "fastbot_diffusion_nav": {
      "model_id": "fastbot_diffusion_nav",
      "status": "dry-run",
      "elapsed_sec": 3.7181880474090576,
      "final_loss": 0.10199489205800241,
      "best_metric": 1.0108082787580563,
      "checkpoint_path": "",
      "onnx_path": "",
      "error": "",
      "metrics": {
        "final_loss": 0.10199489205800241,
        "nav_reward": 1.0108082787580563,
        "zone_compliance": 1.0,
        "corridor_centering": 0.87,
        "collision_rate": 0.002,
        "dmr": 0.0003,
        "action_jitter": 0.021
      }
    },
    "g1_cmdp_locomotion": {
      "model_id": "g1_cmdp_locomotion",
      "status": "dry-run",
      "elapsed_sec": 3.7234981060028076,
      "final_loss": -1.9364872143040468,
      "best_metric": 0.629889836265936,
      "checkpoint_path": "",
      "onnx_path": "",
      "error": "",
      "metrics": {
        "final_reward": 1.9364872143040468,
        "final_cost": 0.0004826332427295905,
        "lagrange_lambda": 0.10495794819614772,
        "com_margin": 0.629889836265936,
        "safety_filter_pass_rate": 1.0,
        "base_height_dev": 0.012,
        "contact_force_max_N": 285.3,
        "svr": 0.0,
        "stl_robustness": 0.42
      }
    }
  }
}